<?xml version="1.0" encoding="UTF-8"?>
<project-private xmlns="http://www.netbeans.org/ns/project-private/1">
    <editor-bookmarks xmlns="http://www.netbeans.org/ns/editor-bookmarks/2" lastBookmarkId="0"/>
    <open-files xmlns="http://www.netbeans.org/ns/projectui-open-files/2">
        <group>
            <file>file:/C:/Users/Gregg/Documents/GitHub/webutveckling-1/2.x/2.1/public_html/index.html</file>
            <file>file:/C:/Users/Gregg/Documents/GitHub/webutveckling-1/2.x/2.1/public_html/future.html</file>
            <file>file:/C:/Users/Gregg/Documents/GitHub/webutveckling-1/2.x/2.1/public_html/steffestyle.css</file>
            <file>file:/C:/Users/Gregg/Documents/GitHub/webutveckling-1/2.x/2.1/public_html/home.html</file>
            <file>file:/C:/Users/Gregg/Documents/GitHub/webutveckling-1/2.x/2.1/public_html/history.html</file>
            <file>file:/C:/Users/Gregg/Documents/GitHub/webutveckling-1/2.x/2.1/public_html/now.html</file>
        </group>
    </open-files>
</project-private>
