<?xml version="1.0" encoding="UTF-8"?>
<project-private xmlns="http://www.netbeans.org/ns/project-private/1">
    <editor-bookmarks xmlns="http://www.netbeans.org/ns/editor-bookmarks/2" lastBookmarkId="0"/>
    <open-files xmlns="http://www.netbeans.org/ns/projectui-open-files/2">
        <group>
            <file>file:/C:/Users/Gregg/Documents/GitHub/webutveckling-1/3.x/3.2.1/public_html/home.html</file>
            <file>file:/C:/Users/Gregg/Documents/GitHub/webutveckling-1/3.x/3.2.1/public_html/js/pics.js</file>
            <file>file:/C:/Users/Gregg/Documents/GitHub/webutveckling-1/3.x/3.2.1/public_html/js/window_onload.js</file>
        </group>
    </open-files>
</project-private>
